﻿<?xml version="1.0" encoding="utf-8" ?>
<Defs>


<ThingDef ParentName="BaseMeleeWeapon">
    <defName>Melee_Torch</defName>
    <label>torch</label>
    <description>A tool for lighting an area. But why not share your fire with your enemies?</description>
    <graphicData>
      <texPath>Things/Building/Misc/TorchLamp</texPath>
      <graphicClass>Graphic_Single</graphicClass>
    </graphicData>
    <techLevel>Neolithic</techLevel>
    <weaponTags>
      <li>NeolithicMeleeBasic</li>
    </weaponTags>
    <generateCommonality>1.2</generateCommonality>
    <statBases>
      <WorkToMake>100</WorkToMake>
      <Mass>2.0</Mass>
    </statBases>
    <equippedStatOffsets>
      <MoveSpeed>0.4</MoveSpeed>
    </equippedStatOffsets>
    <equippedAngleOffset>-45</equippedAngleOffset>
    <tickerType>Normal</tickerType>
    <costList>
	
        <WoodLog>20</WoodLog>
    </costList>
    <comps>
      <li Class="CompProperties_Glower">
        <glowRadius>6</glowRadius>
        <glowColor>(252,187,113,0)</glowColor>
      </li>
			<li Class="CompProperties_Forbiddable"/>
      <li Class="CompProperties_Refuelable">
        <fuelConsumptionRate>1.8</fuelConsumptionRate>
        <fuelCapacity>20.0</fuelCapacity>
        <fuelConsumptionPerTickInRain>0.0006</fuelConsumptionPerTickInRain>
        <fuelFilter>
          <thingDefs>
            <li>WoodLog</li>
          </thingDefs>
        </fuelFilter>
        <destroyOnNoFuel>true</destroyOnNoFuel>
        <initialFuelPercent>1</initialFuelPercent>
      </li>
      <li Class="CompProperties_HeatPusher">
        <heatPerSecond>16</heatPerSecond>
        <heatPushMaxTemperature>28</heatPushMaxTemperature>
      </li>
      <li Class="CompProperties_FireOverlay">
        <fireSize>0.4</fireSize>
        <offset>(0,0,0.2)</offset>
      </li>
    </comps>
    <recipeMaker>
      <recipeUsers>
        <li>CraftingSpot</li>
      </recipeUsers>
    </recipeMaker>
    <tools>
      <li>
        <label>stick</label>
        <capacities>
          <li>Blunt</li>
        </capacities>
        <power>4</power>
        <cooldownTime>1.8</cooldownTime>
        <chanceFactor>1.5</chanceFactor>
      </li>
      <li>
        <label>fire</label>
        <capacities>
          <li>TorchBurn</li>
        </capacities>
        <power>10</power>
        <cooldownTime>2.2</cooldownTime>
      </li>
      <li>
        <label>fire</label>
        <capacities>
          <li>TorchFlame</li>
        </capacities>
        <power>8</power>
        <cooldownTime>2.2</cooldownTime>
        <chanceFactor>0.5</chanceFactor>
      </li>
    </tools>
  </ThingDef>

  <ThingDef ParentName="BaseMeleeWeapon_Blunt">
    <defName>Melee_Ram</defName>
    <label>battering ram</label>
    <description>A large, heavy pillar carried to smash structure. Does less damage to pawns, but effective to buildings.</description>
    <graphicData>
      <texPath>Things/Weapon/Ram</texPath>
      <graphicClass>Graphic_Single</graphicClass>
      <drawSize>1.8</drawSize>
    </graphicData>
    <techLevel>Neolithic</techLevel>
    <weaponTags>
      <li>NeolithicMeleeBasic</li>
    </weaponTags>
    <generateCommonality>0.5</generateCommonality>
    <costStuffCount>150</costStuffCount>
    <statBases>
      <WorkToMake>1500</WorkToMake>
      <Mass>15.0</Mass>
    </statBases>
    <equippedStatOffsets>
      <MoveSpeed>-1.2</MoveSpeed>
    </equippedStatOffsets>
    <equippedAngleOffset>0</equippedAngleOffset>
    <stuffCategories>
      <li>Metallic</li>
      <li>Woody</li>
      <li>Stony</li>
    </stuffCategories>
    <recipeMaker>
      <recipeUsers>
        <li>CraftingSpot</li>
      </recipeUsers>
    </recipeMaker>
    <comps>
      <li>
	<compClass>CompOversizedWeapon.CompOversizedWeapon</compClass>
      </li>
    </comps>
    <tools>
      <li>
        <label>head</label>
        <labelUsedInLogging>false</labelUsedInLogging>
        <capacities>
          <li>Ram</li>
        </capacities>
        <power>10</power>
        <cooldownTime>5</cooldownTime>
      </li>
    </tools>
  </ThingDef>
  
	<ThingDef ParentName="BaseMeleeWeapon_Sharp_Quality">
    <defName>Melee_Axe</defName>
    <label>axe</label>
    <description>A useful tool in many situations, including combat. Axe can deal great damage while hits slowly.</description>
    <graphicData>
      <texPath>Things/Weapon/Axe</texPath>
      <graphicClass>Graphic_Single</graphicClass>
    </graphicData>
    <uiIconPath>Things/Weapon/AxeIcon</uiIconPath>
    <techLevel>Neolithic</techLevel>
    <costStuffCount>65</costStuffCount>
    <weaponTags>
      <li>NeolithicMeleeBasic</li>
      <li>MedievalMeleeDecent</li>
    </weaponTags>
    <statBases>
      <WorkToMake>9500</WorkToMake>
      <Mass>9.0</Mass>
    </statBases>
    <equippedAngleOffset>-45</equippedAngleOffset>
    <stuffCategories>
      <li>Metallic</li>
      <li>Woody</li>
      <li>Stony</li>
    </stuffCategories>
    <tools>
      <li>
        <label>handle</label>
        <capacities>
          <li>Blunt</li>
        </capacities>
        <power>9</power>
        <cooldownTime>1.8</cooldownTime>
      </li>
      <li>
        <label>edge</label>
        <capacities>
          <li>Cut</li>
        </capacities>
        <power>24</power>
        <cooldownTime>2.2</cooldownTime>
      </li>
    </tools>
    <recipeMaker>
      <recipeUsers>
        <li>CraftingSpot</li>
      </recipeUsers>
    </recipeMaker>
  </ThingDef>

  <ThingDef ParentName="BaseMeleeWeapon_Blunt">
    <defName>Melee_Stick</defName>
    <label>stick</label>
    <description>A long stick, with no heavy ends. Stick can't deal great damage, but attacks faster, and also has the ability to support walking.</description>
    <graphicData>
      <texPath>Things/Weapon/Stick</texPath>
      <graphicClass>Graphic_Single</graphicClass>
      <drawSize>1.6</drawSize>
    </graphicData>
    <techLevel>Neolithic</techLevel>
    <weaponTags>
      <li>NeolithicMeleeBasic</li>
    </weaponTags>
    <costStuffCount>50</costStuffCount>
    <statBases>
      <WorkToMake>1250</WorkToMake>
      <Mass>2.0</Mass>
    </statBases>
    <equippedStatOffsets>
      <MoveSpeed>0.4</MoveSpeed>
    </equippedStatOffsets>
    <equippedAngleOffset>-5</equippedAngleOffset>
    <stuffCategories>
      <li>Metallic</li>
      <li>Woody</li>
      <li>Stony</li>
    </stuffCategories>
    <recipeMaker>
      <recipeUsers>
        <li>CraftingSpot</li>
      </recipeUsers>
    </recipeMaker>
    <comps>
      <li>
	<compClass>CompOversizedWeapon.CompOversizedWeapon</compClass>
      </li>
    </comps>
    <tools>
      <li>
        <label>head</label>
        <labelUsedInLogging>false</labelUsedInLogging>
        <capacities>
          <li>Blunt</li>
        </capacities>
        <power>7</power>
        <cooldownTime>1</cooldownTime>
      </li>
    </tools>
  </ThingDef>

</Defs>